-- phpMyAdmin SQL Dump
-- version 5.1.0
-- https://www.phpmyadmin.net/
--
-- Host: 127.0.0.1
-- Generation Time: Aug 20, 2023 at 08:44 PM
-- Server version: 10.4.18-MariaDB
-- PHP Version: 7.4.16

SET SQL_MODE = "NO_AUTO_VALUE_ON_ZERO";
START TRANSACTION;
SET time_zone = "+00:00";


/*!40101 SET @OLD_CHARACTER_SET_CLIENT=@@CHARACTER_SET_CLIENT */;
/*!40101 SET @OLD_CHARACTER_SET_RESULTS=@@CHARACTER_SET_RESULTS */;
/*!40101 SET @OLD_COLLATION_CONNECTION=@@COLLATION_CONNECTION */;
/*!40101 SET NAMES utf8mb4 */;

--
-- Database: `job`
--

-- --------------------------------------------------------

--
-- Table structure for table `application`
--

CREATE TABLE `application` (
  `apply_id` int(11) NOT NULL,
  `user_id` int(11) DEFAULT NULL,
  `emp_id` int(11) DEFAULT NULL,
  `job_id` int(11) DEFAULT NULL,
  `status` int(11) DEFAULT NULL,
  `date_applied` varchar(30) NOT NULL
) ENGINE=InnoDB DEFAULT CHARSET=utf8mb4;

--
-- Dumping data for table `application`
--

INSERT INTO `application` (`apply_id`, `user_id`, `emp_id`, `job_id`, `status`, `date_applied`) VALUES
(18, 11, 70, 37, 2, '16-08-22'),
(22, 11, 72, 55, 1, '30-08-22'),
(24, 23, 70, 37, 2, '12-09-22'),
(25, 11, 87, 74, 1, '29-09-22'),
(26, 10, 88, 75, 1, '07-10-22'),
(27, 10, 70, 37, 2, '16-10-22'),
(28, 10, 87, 74, 1, '06-11-22'),
(29, 10, 72, 55, 2, '12-02-23'),
(30, 24, 70, 37, 2, '17-04-23');

-- --------------------------------------------------------

--
-- Table structure for table `employer`
--

CREATE TABLE `employer` (
  `eid` int(11) NOT NULL,
  `log_id` int(11) NOT NULL,
  `ename` varchar(200) DEFAULT NULL,
  `etype` varchar(200) DEFAULT NULL,
  `industry` varchar(200) DEFAULT NULL,
  `address` varchar(200) DEFAULT NULL,
  `pincode` varchar(200) DEFAULT NULL,
  `executive` varchar(200) DEFAULT NULL,
  `phone` varchar(200) DEFAULT NULL,
  `profile` blob DEFAULT NULL,
  `logo` varchar(100) DEFAULT NULL,
  `url` varchar(250) DEFAULT NULL
) ENGINE=InnoDB DEFAULT CHARSET=utf8mb4;

--
-- Dumping data for table `employer`
--

INSERT INTO `employer` (`eid`, `log_id`, `ename`, `etype`, `industry`, `address`, `pincode`, `executive`, `phone`, `profile`, `logo`, `url`) VALUES
(70, 106, 'Z technology', 'Company', 'Computer Hardware/Networking', 'Lebanon, Beirut, Haret-Hreik', '0000', 'Zouher Tabtabai', '70766223', 0x546563686e6f6c6f677920636f6d70616e7920286f72207465636820636f6d70616e792920697320616e20656c656374726f6e6963732d626173656420746563686e6f6c6f676963616c20636f6d70616e792c20696e636c7564696e672c20666f72206578616d706c652c20627573696e6573732072656c6174696e6720746f206469676974616c20656c656374726f6e6963732c20736f6674776172652c20616e6420696e7465726e65742d72656c617465642073657276696365732c207375636820617320652d636f6d6d657263652073657276696365732e, 'elliot.jpg', 'www.z4tech.com'),
(72, 111, 'Mazen pharmacy', 'Company', 'Healthcare/Medicine', 'Lebanon, Zahle', '1111', 'Hadi Berjewe', '03872210', 0x5370656564207570206c6f6e672c206d616e75616c206163636f756e74696e672070726f6365737365732077697468206175746f6d617465642063726564697420616e642064656269742073797374656d2e20456173696c7920636f6e736f6c696461746520646174612066726f6d206d756c7469706c65206272616e6368657320696e206f6e6520534143434f206163636f756e74696e6720736f6674776172652e2042656e656669747320466f7220534143434f532e204672656520416e642052656c6961626c6520537570706f72742e20506f77657266756c205472696f204f662050726f64756374732e204469676974616c2042616e6b696e6720506c6174666f726d2e, 'elliot.jpg', 'www.mazenpharma.com'),
(87, 152, 'safa computer', 'company', 'Computer Hardware/Networking', 'lebanon,beirut,haret -hreik', '1111', 'Hassan safa', '70216661', 0x546865736520636f6d70616e6965732070726f6475636520612062726f61642072616e6765206f6620616476616e63656420686172647761726520616e642065717569706d656e742c2072616e67696e672066726f6d20706572736f6e616c20636f6d70757465727320616e64206d6f62696c652070686f6e657320746f207072696e7465727320616e64206e6574776f726b696e6720746f6f6c732e20536f6d65206f66207468656d206d616e756661637475726520686f6d65206170706c69616e636573206c696b6520726566726967657261746f72732c2077617368696e67206d616368696e65732c20616e64206d6963726f77617665732e, '', 'www.safacomp.com'),
(88, 153, 'Bahman Hospital', 'Hospital', 'Healthcare/Medicine', 'Beirut', '1111', 'Brahim Bahman', '70119922', 0x57652061726520612032303020626564206d65646963616c2063656e746572207370656369616c697a656420696e20646961676e6f73696e672c207472656174696e6720616e642070726576656e74696e672064697365617365732e2053696e63652074686520317374206f66204d6172636820313939392c2077652068617665206f7065726174656420756e64657220612073696e676c65202e2e2e, '', 'www.bahman.com'),
(89, 154, 'Al jamil accounting', 'Accounting company', 'Accounting/Consulting/Taxation', 'lebanon-tyre', '2222', 'Charbel fata', '03892221', 0x4163636f756e74696e67206669726d732068656c7020636c69656e7473207769746820612077696465206172726179206f662073657276696365732c2073756368206173206163636f756e74732070617961626c65202f2072656365697661626c652c20626f6f6b6b656570696e6720616e6420706179726f6c6c2070726f63657373696e672e2054686579206d616b65207375726520746861742066696e616e6369616c207472616e73616374696f6e732061726520626f746820616363757261746520616e64206c6567616c2e, '', 'wwww.countjamil.com'),
(90, 166, 'barada technelogy', 'dadfasd', 'Brewery/Distillery', 'fasdasdasd', '123132', 'asdasd', '23123123', 0x646661736466616461646164617364, '', 'afada.com');

-- --------------------------------------------------------

--
-- Table structure for table `jobs`
--

CREATE TABLE `jobs` (
  `jobid` int(11) NOT NULL,
  `eid` int(11) NOT NULL,
  `title` varchar(200) DEFAULT NULL,
  `jobdesc` blob DEFAULT NULL,
  `vacno` int(11) DEFAULT NULL,
  `experience` varchar(200) DEFAULT NULL,
  `basicpay` varchar(200) DEFAULT NULL,
  `fnarea` varchar(200) DEFAULT NULL,
  `location` varchar(200) DEFAULT NULL,
  `industry` varchar(200) DEFAULT NULL,
  `ugqual` varchar(200) DEFAULT NULL,
  `pgqual` varchar(200) DEFAULT NULL,
  `profile` blob DEFAULT NULL,
  `postdate` varchar(30) NOT NULL
) ENGINE=InnoDB DEFAULT CHARSET=utf8mb4;

--
-- Dumping data for table `jobs`
--

INSERT INTO `jobs` (`jobid`, `eid`, `title`, `jobdesc`, `vacno`, `experience`, `basicpay`, `fnarea`, `location`, `industry`, `ugqual`, `pgqual`, `profile`, `postdate`) VALUES
(37, 70, 'Web developper', 0x57656220646576656c6f706d656e7420697320746865206275696c64696e6720616e64206d61696e74656e616e6365206f66207765627369746573, 3, '4', 'USD 3200', 'Web developper', 'Lebanon, Beirut,Hamra', 'Computer Hardware/Networking', 'B.Sc', 'M.Sc', 0x43616e646964617465732073686f756c64206861766520746563686e6963616c20636f64696e6720736b696c6c732c206c696b652048544d4c2c204353532c2053514c2c205048502c20527562792c20507974686f6e2c20616e64204a6176615363726970742e, '18-07-22'),
(55, 72, 'pharmacy', 0x526576696577732c20636f6d706f756e64732c20707265706172657320616e642f6f72206f766572736565732074686520636f6d706f756e64696e672c207072657061726174696f6e20616e642064697370656e73696e67206f6620706861726d61636575746963616c7320746f2070617469656e7473206f72206d65646963616c2070726163746974696f6e6572733b206d616b6573206465636973696f6e7320726567617264696e672067656e6572696320737562737469747574696f6e206f66207072657363726962656420706861726d61636575746963616c732e0d0a, 2, '2', 'USD 2000', 'Research & development and drug safety. Lab-based R&D. Clinical Trials. Regulatory Affairs. Pharmacovigilance.', 'lebanon, tripoli', 'Healthcare/Medicine', 'B.Pharma', 'M.Pharma', 0x646d697373696f6e20507265726571756973697465732e205363686f6f6c73206d61792072657175697265206d6f7265207468616e206f6e6520636f7572736520706572207375626a65637420617265612e204141435020636170747572657320636f757273652070726572657175697369746520646174612061742074686520626567696e6e696e67206f662065766572792061646d697373696f6e73, '19-07-22'),
(74, 87, 'Computer maintenance', 0x53657474696e6720757020686172647761726520616e6420696e7374616c6c696e6720616e6420636f6e66696775726520736f66747761726520616e6420647269766572732e204d61696e7461696e696e6720616e6420726570616972696e6720746563686e6f6c6f676963616c2065717569706d656e742028652e672e20726f757465727329206f72207065726970686572616c20646576696365732e20496e7374616c6c696e672077656c6c2d66756e6374696f6e696e67204c414e2f57414e20616e64206f74686572206e6574776f726b7320616e64206d616e61676520636f6d706f6e656e7473, 2, '2', 'USD 800', 'hardwar', 'Hamra', 'Computer Hardware/Networking', 'B.Sc', 'Not Pursuing Post Graduation', 0x434f4d505554455220544543484e494349414e204a4f42204f50504f5254554e495449455320534f41520d0a54686520776f726c642069732063757272656e746c7920696e20746865206d69647374206f66206120746563682074616c656e742073686f72746167652e20546865726520617265206e6f7420656e6f75676820746563682070726f66657373696f6e616c7320746f2066696c6c20616c6c207468652063757272656e7420686972696e6720726f6c6573206174206576657279206c6576656c206f662074686520766572746963616c20696e6475737472792e2041732074686520776f726c64206265636f6d65732065766572206d6f726520616476616e6365642c20746865206e65656420666f7220636f6d707574657220746563687320696e63726561736573206578706f6e656e7469616c6c792e20546865207465636820776f726b666f7263652073686f72746167652069732070726f666f756e642c206d616b696e6720746563686e6f6c6f6779206120736f756e64206361726565722063686f69636520626f746820666f722073746162696c69747920616e64206f70706f7274756e697469657320666f722063617265657220616476616e63656d656e742e205769746820736f206d616e7920636f6d70616e69657320686972696e672049542070726f66657373696f6e616c732c20796f7572206361706162696c69746965732063616e206265206d65742077697468206e65772064656d616e6420616e642062657474657220617661696c61626c6520726f6c65732e0d0a0d0a4f6620636f757273652c2065766572796f6e652073746172747320736f6d6577686572652e204265636f6d696e67206120636f6d707574657220746563686e696369616e20697320616e20617070726f61636861626c6520706c61636520746f20656e74657220746865207465636820696e6475737472792e204d6f73742070656f706c652063616e207461636b6c652074686520696e697469616c20736b696c6c73206e656365737361727920746f2073756363656564206173206120636f6d707574657220746563686e696369616e2e20546f6461792c207765e280997265206865726520746f2073706f746c6967687420746865203130206d6f737420696d706f7274616e7420736b696c6c7320666f7220636f6d707574657220746563686e696369616e732074686174206372656174652074686520666f756e646174696f6e20666f722061206c6f6e6720616e642068617070792074656368206361726565722e0d0a496e746572616374696e67207769746820636f6d7075746572732e202e2e2e0d0a436f6c6c656374696e67206461746120616e6420696e666f726d6174696f6e2e202e2e2e0d0a50726f626c656d2d736f6c76696e6720616e64206465636973696f6e2d6d616b696e672e202e2e2e0d0a436f6d6d756e69636174696f6e2e202e2e2e0d0a436f6e73756c74696e6720616e64206164766973696e67206f74686572732e202e2e2e0d0a496e7370656374696e672065717569706d656e742c20737472756374757265732c206f72206d6174657269616c2e202e2e2e0d0a446f63756d656e74696e6720616e64207265636f7264696e6720696e666f726d6174696f6e2e202e2e2e0d0a446576656c6f70696e67206f626a6563746976657320616e6420737472617465676965732e, '10-09-22'),
(75, 88, 'Nurse', 0x507265706172696e672070617469656e747320666f72206578616d7320616e642074726561746d656e742e2041646d696e6973746572696e67206d656469636174696f6e7320616e642074726561746d656e74732c207468656e206d6f6e69746f72696e672070617469656e747320666f722073696465206566666563747320616e64207265616374696f6e732e204372656174696e672c20696d706c656d656e74696e672c20616e64206576616c756174696e672070617469656e74206361726520706c616e73207769746820746865206d65646963616c207465616d2e20506572666f726d696e6720776f756e6420636172652c207375636820617320636c65616e696e6720616e642062616e646167696e67207468656d2e, 1, '3', 'USD 600', 'Key Responsibilities', 'beirut', 'Healthcare/Medicine', 'Diploma', 'Not Pursuing Post Graduation', 0x417320612068756d616e207265736f75726365732070726f66657373696f6e616c206f72206e75727365206d616e616765722c20796f752063616e2074616b65207365766572616c20737465707320746f206174747261637420746865207269676874206e757273652063616e646964617465732e205768656e20686972696e67206f6e65206f72206d6f7265206e75727365732c206265207375726520746f3a0d0a0d0a4964656e7469667920746865206b657920726573706f6e736962696c697469657320616e64206475746965730d0a5772697465206120636c6561722c207365617263682d6f7074696d697a6564206a6f62206465736372697074696f6e0d0a457870616e6420796f7572206e7572736520726563727569746d656e7420746f206e65617262792063697469657320616e64207374617465730d0a52656372756974206e7572736573207468726f756768206e757273696e67207363686f6f6c730d0a486967686c6967687420796f757220636f6d70616e79e280997320737472656e677468730d0a4372616674206e757273696e672d666f637573656420696e74657276696577207175657374696f6e730d0a4f7074696d697a65206f6e6c696e6520726563727569746d656e74206566666f7274730d0a496e636c756465207468652073616c61727920696e20746865206a6f62206164, '10-09-22'),
(77, 89, 'Accounting', 0x416e204163636f756e74616e742068656c707320627573696e6573736573206d616b6520637269746963616c2066696e616e6369616c206465636973696f6e7320627920636f6c6c656374696e672c20747261636b696e67, 3, '5', 'USD 3200', 'financial accounting', 'tyre', 'Accounting/Consulting/Taxation', 'B.A', 'M.A', 0x4b6e6f776c65646765206f66204163636f756e74696e67205072616374696365732e202e2e2e0d0a50726f66696369656e637920696e204163636f756e74696e6720536f6674776172652e202e2e2e0d0a4162696c69747920746f20507265706172652046696e616e6369616c2053746174656d656e74732e202e2e2e0d0a4b6e6f776c65646765206f662047656e6572616c20427573696e657373205072616374696365732e202e2e2e0d0a4162696c69747920746f20416e616c797a6520446174612e202e2e2e0d0a437269746963616c205468696e6b696e6720536b696c6c732e202e2e2e0d0a4163636f756e74696e67204f7267616e697a6174696f6e616c20536b696c6c732e202e2e2e0d0a54696d65204d616e6167656d656e7420536b696c6c732e, '10-09-22');

-- --------------------------------------------------------

--
-- Table structure for table `jobseeker`
--

CREATE TABLE `jobseeker` (
  `user_id` int(11) NOT NULL,
  `log_id` int(11) DEFAULT NULL,
  `name` varchar(200) NOT NULL,
  `phone` varchar(200) DEFAULT NULL,
  `location` varchar(200) DEFAULT NULL,
  `experience` varchar(200) DEFAULT NULL,
  `skills` varchar(200) DEFAULT NULL,
  `basic_edu` varchar(200) DEFAULT NULL,
  `master_edu` varchar(200) DEFAULT NULL,
  `other_qual` varchar(200) DEFAULT NULL,
  `dob` varchar(200) DEFAULT NULL,
  `resume` blob DEFAULT NULL,
  `cv` blob DEFAULT NULL,
  `Photo` blob DEFAULT NULL
) ENGINE=InnoDB DEFAULT CHARSET=utf8mb4;

--
-- Dumping data for table `jobseeker`
--

INSERT INTO `jobseeker` (`user_id`, `log_id`, `name`, `phone`, `location`, `experience`, `skills`, `basic_edu`, `master_edu`, `other_qual`, `dob`, `resume`, `cv`, `Photo`) VALUES
(10, 110, 'Khodor Hajj Hassan', '03776562', 'lebanon, Beirut , ghobeiri', '1', 'HTML, CSS, SQL, PHP and javascript', 'B.Sc', 'Not Pursuing Post Graduation', 'none', '1998-06-24', 0x476f6f6420636f6d6d756e69636174696f6e20736b696c6c732e2057656220646576656c6f70657273206d75737420776f726b2077697468206d756c7469706c65206d656d62657273206f6620616e206f7267616e697a6174696f6e20746f20656e737572652065766572796f6e65277320676f616c7320617265206265696e67206d6574207468726f7567682074686520776562736974652e202e2e2e0d0a4c6f7665206f66206c6561726e696e672e20546f206d616b6520697420617320612077656220646576656c6f7065722c20796f75276c6c206e65656420746f20686176652061206e61747572616c20637572696f736974792e202e2e2e0d0a50617469656e63652e202e2e2e0d0a50657266656374696f6e69736d2e4c6f7665206f66206c6561726e696e672e20546f206d616b65206974206173206120776562206465, 0x4b686f646f722048616a6a2048617373616e31302e706466, 0x4b686f646f722048616a6a2048617373616e31302e6a7067),
(11, 112, 'Sara Hamza', '03886655', 'lebanon-zahle', '6', 'Analytical skills. The ability to think critically. Strong numerical skills. Attention to detail. Problem-solving. Observation skills.', 'B.Pharma', 'M.Pharma', 'none', '1988-06-08', 0x436f6d70617373696f6e2c20696e746567726974792c20636f6e6365726e20666f72206f74686572732c20696e746572706572736f6e616c20736b696c6c732c20696e74657265737420616e64206d6f7469766174696f6e2061726520616c6c20706572736f6e616c207175616c6974696573207468617420706861726d616369737473206d7573742064656d6f6e73747261746520616e6420617265206578706563746564207175616c6974696573206f6620706861726d6163792073747564656e74732e, 0x536172612048616d7a6131312e706466, 0x536172612048616d7a6131312e6a7067),
(18, 151, 'Shadi Assi', '81291282', 'baalbek', '6', 'Knowledge of Accounting Practices. ... Proficiency in Accounting Software. ... Ability to Prepare Financial Statements. ... Knowledge of General Business Practices.', 'B.A', 'M.Com', 'none', '1991-06-04', 0x486967686c6967687420696e2064657461696c7320796f757220776f726b20657870657269656e63652e204d616b65207468656d206b6e6f77207468617420796f7520617265207468652072696768742066697420666f722074686174206a6f62207768656e2074656c6c696e672074686520696e7465727669657765722061626f757420796f757273656c6620617320616e206163636f756e74616e742e200d0a53686f776361736520796f757220736f667420736b696c6c7320616e642073656c6c20796f757273656c6621, '', NULL),
(22, 161, 'hiba saad', '03818212', 'lebanon zahle', '4', 'html,css,javascript,php,mysql', 'B.Sc', 'M.Sc', 'none', '1994-03-01', 0x616873756a61206a61736820617368, '', NULL),
(23, 163, 'nada sabri', '21121212', 'lebanon-beirut', '4', 'html,css,javascript,php,mysql', 'B.Sc', 'M.Sc', 'none', '1996-12-22', 0x736a64616b6a64622061736a6420616b6a7364, '', NULL),
(24, 165, 'dana serhan', '8123122', 'beirut', '5', 'html css js php mysql node js react', 'B.Sc', 'M.Tech', 'rabbat manzal', '2003-04-06', 0x6e613373656e6565652021212121, '', NULL);

-- --------------------------------------------------------

--
-- Table structure for table `login`
--

CREATE TABLE `login` (
  `log_id` int(11) NOT NULL,
  `email` varchar(200) DEFAULT NULL,
  `password` varchar(200) NOT NULL,
  `usertype` varchar(20) NOT NULL,
  `status` int(1) DEFAULT NULL
) ENGINE=InnoDB DEFAULT CHARSET=utf8mb4;

--
-- Dumping data for table `login`
--

INSERT INTO `login` (`log_id`, `email`, `password`, `usertype`, `status`) VALUES
(106, 'zozo@mail.com', '74b87337454200d4d33f80c4663dc5e5', 'employer', 0),
(110, 'khodor@gmail.com', '74b87337454200d4d33f80c4663dc5e5', 'jobseeker', 1),
(111, 'pharma@gmail.com', '74b87337454200d4d33f80c4663dc5e5', 'employer', 0),
(112, 'sara@gmail.com', '74b87337454200d4d33f80c4663dc5e5', 'jobseeker', 1),
(148, 'sara2@gmail.com', '74b87337454200d4d33f80c4663dc5e5', 'jobseeker', 1),
(151, 'shadi@gmail.com', '74b87337454200d4d33f80c4663dc5e5', 'jobseeker', 1),
(152, 'safa@gmail.com', '74b87337454200d4d33f80c4663dc5e5', 'employer', 0),
(153, 'bahman@gmail.com', '74b87337454200d4d33f80c4663dc5e5', 'employer', 0),
(154, 'jamil@gmail.com', '74b87337454200d4d33f80c4663dc5e5', 'employer', 0),
(161, 'hiba@gmail.com', '74b87337454200d4d33f80c4663dc5e5', 'jobseeker', 1),
(163, 'nada@gmail.com', '74b87337454200d4d33f80c4663dc5e5', 'jobseeker', 1),
(165, 'dana@gmail.com', '11ddbaf3386aea1f2974eee984542152', 'jobseeker', 1),
(166, 'barada@gmail.com', 'f04e1fd4cbfeecfdce8aa2ad6e9cf4ac', 'employer', 0);

-- --------------------------------------------------------

--
-- Table structure for table `selection`
--

CREATE TABLE `selection` (
  `sel_id` int(11) NOT NULL,
  `user_id` int(11) DEFAULT NULL,
  `emp_id` int(11) DEFAULT NULL,
  `job_id` int(11) DEFAULT NULL,
  `status` int(11) DEFAULT NULL,
  `date` varchar(30) NOT NULL
) ENGINE=InnoDB DEFAULT CHARSET=utf8mb4;

--
-- Dumping data for table `selection`
--

INSERT INTO `selection` (`sel_id`, `user_id`, `emp_id`, `job_id`, `status`, `date`) VALUES
(54, 10, 72, 55, 1, '12-02-23'),
(55, 24, 70, 37, 1, '17-04-23'),
(56, 10, 70, 37, 1, '28-04-23');

--
-- Indexes for dumped tables
--

--
-- Indexes for table `application`
--
ALTER TABLE `application`
  ADD PRIMARY KEY (`apply_id`),
  ADD KEY `emp_id` (`emp_id`),
  ADD KEY `job_id` (`job_id`),
  ADD KEY `user_id` (`user_id`);

--
-- Indexes for table `employer`
--
ALTER TABLE `employer`
  ADD PRIMARY KEY (`eid`),
  ADD KEY `log_id` (`log_id`);

--
-- Indexes for table `jobs`
--
ALTER TABLE `jobs`
  ADD PRIMARY KEY (`jobid`),
  ADD KEY `eid` (`eid`);

--
-- Indexes for table `jobseeker`
--
ALTER TABLE `jobseeker`
  ADD PRIMARY KEY (`user_id`),
  ADD KEY `log_id` (`log_id`);

--
-- Indexes for table `login`
--
ALTER TABLE `login`
  ADD PRIMARY KEY (`log_id`),
  ADD UNIQUE KEY `email` (`email`),
  ADD KEY `password_2` (`password`),
  ADD KEY `log_id` (`log_id`);

--
-- Indexes for table `selection`
--
ALTER TABLE `selection`
  ADD PRIMARY KEY (`sel_id`),
  ADD KEY `emp_id` (`emp_id`),
  ADD KEY `job_id` (`job_id`),
  ADD KEY `user_id` (`user_id`);

--
-- AUTO_INCREMENT for dumped tables
--

--
-- AUTO_INCREMENT for table `application`
--
ALTER TABLE `application`
  MODIFY `apply_id` int(11) NOT NULL AUTO_INCREMENT, AUTO_INCREMENT=31;

--
-- AUTO_INCREMENT for table `employer`
--
ALTER TABLE `employer`
  MODIFY `eid` int(11) NOT NULL AUTO_INCREMENT, AUTO_INCREMENT=91;

--
-- AUTO_INCREMENT for table `jobs`
--
ALTER TABLE `jobs`
  MODIFY `jobid` int(11) NOT NULL AUTO_INCREMENT, AUTO_INCREMENT=78;

--
-- AUTO_INCREMENT for table `jobseeker`
--
ALTER TABLE `jobseeker`
  MODIFY `user_id` int(11) NOT NULL AUTO_INCREMENT, AUTO_INCREMENT=25;

--
-- AUTO_INCREMENT for table `login`
--
ALTER TABLE `login`
  MODIFY `log_id` int(11) NOT NULL AUTO_INCREMENT, AUTO_INCREMENT=167;

--
-- AUTO_INCREMENT for table `selection`
--
ALTER TABLE `selection`
  MODIFY `sel_id` int(11) NOT NULL AUTO_INCREMENT, AUTO_INCREMENT=57;

--
-- Constraints for dumped tables
--

--
-- Constraints for table `application`
--
ALTER TABLE `application`
  ADD CONSTRAINT `application_ibfk_1` FOREIGN KEY (`emp_id`) REFERENCES `employer` (`eid`) ON DELETE CASCADE ON UPDATE CASCADE,
  ADD CONSTRAINT `application_ibfk_2` FOREIGN KEY (`job_id`) REFERENCES `jobs` (`jobid`) ON DELETE CASCADE ON UPDATE CASCADE,
  ADD CONSTRAINT `application_ibfk_3` FOREIGN KEY (`user_id`) REFERENCES `jobseeker` (`user_id`) ON DELETE CASCADE ON UPDATE CASCADE;

--
-- Constraints for table `employer`
--
ALTER TABLE `employer`
  ADD CONSTRAINT `employer_ibfk_1` FOREIGN KEY (`log_id`) REFERENCES `login` (`log_id`) ON DELETE CASCADE ON UPDATE CASCADE;

--
-- Constraints for table `jobs`
--
ALTER TABLE `jobs`
  ADD CONSTRAINT `jobs_ibfk_1` FOREIGN KEY (`eid`) REFERENCES `employer` (`eid`) ON DELETE CASCADE ON UPDATE CASCADE;

--
-- Constraints for table `jobseeker`
--
ALTER TABLE `jobseeker`
  ADD CONSTRAINT `jobseeker_ibfk_1` FOREIGN KEY (`log_id`) REFERENCES `login` (`log_id`) ON DELETE CASCADE ON UPDATE CASCADE;

--
-- Constraints for table `selection`
--
ALTER TABLE `selection`
  ADD CONSTRAINT `selection_ibfk_1` FOREIGN KEY (`emp_id`) REFERENCES `employer` (`eid`),
  ADD CONSTRAINT `selection_ibfk_2` FOREIGN KEY (`job_id`) REFERENCES `jobs` (`jobid`),
  ADD CONSTRAINT `selection_ibfk_3` FOREIGN KEY (`user_id`) REFERENCES `jobseeker` (`user_id`);
COMMIT;

/*!40101 SET CHARACTER_SET_CLIENT=@OLD_CHARACTER_SET_CLIENT */;
/*!40101 SET CHARACTER_SET_RESULTS=@OLD_CHARACTER_SET_RESULTS */;
/*!40101 SET COLLATION_CONNECTION=@OLD_COLLATION_CONNECTION */;
